Workbook

Sheet Huong_dan
A1: Mau phan cong giang day THPT theo cau truc GDPT 2018
A2: Luu y: Day la mau tong hop thuc hanh duoc xay dung tu cac van ban/nguon tham khao; khong phai mot bieu mau Excel bat buoc duy nhat do Bo GD&DT ban hanh.
A4: Tham so mac dinh
A5: Thong so | B5: Gia tri | C5: Ghi chu
A6: Nam hoc | B6: 2026-2027 | C6: Sua theo nam hoc su dung file
A7: So tuan HK1 | B7: 18 | C7: Co the dieu chinh theo ke hoach nam hoc cua dia phuong/truong
A8: So tuan HK2 | B8: 17 | C8: Tong 35 tuan thuc hoc cap THPT
A9: Tong so tuan nam hoc | B9: =B7+B8 | C9: Tham chieu cong thuc trong cac sheet tong hop
A10: Dinh muc tiet/tu?n GV THPT | B10: 17 | C10: Mac dinh tham chieu theo TT 05/2025/TT-BGDDT; co the sua theo truong hop giam tru
A11: Nguyen tac cau truc mau
A12: 1. Cap THPT theo GDPT 2018 co 8 mon/hoat dong giao duc bat buoc; hoc sinh chon 4 mon tu danh muc mon lua chon hien hanh.
A13: 2. Mon Lich su da duoc dieu chinh thanh phan bat buoc 52 tiet/nam; vi vay trong mau nay Lich su duoc dat o nhom bat buoc.
A14: 3. Cac truong xay dung to hop mon lua chon va 3 cum chuyen de hoc tap phu hop nhu cau hoc sinh, doi ngu va co so vat chat.
A15: 4. Mau phan cong chinh duoc to chuc theo nam hoc, tach GV HK1/GV HK2 de phu hop cach cong khai phan cong chuyen mon pho bien o truong THPT.
A16: 5. Sheet Tong_hop_GV tu dong quy doi tiet HK1/HK2 ra tiet trung binh/tuan de doi chieu dinh muc giao vien.
A18: Cach dung nhanh
A19: Buoc 1: Dien danh muc giao vien trong sheet DM_Giao_vien.
A20: Buoc 2: Dien danh muc lop trong sheet DM_Lop va ma to hop lop dang ap dung.
A21: Buoc 3: Kiem tra/chinh sua sheet DM_To_hop theo phuong an cua truong.
A22: Buoc 4: Nhap bang Phan_cong; cac cot Ten_mon, Nhom_CT, dinh muc va ten giao vien se tu dong doi chieu.
A23: Buoc 5: Xem Tong_hop_GV de kiem tra qua tai/thieu tai theo giao vien.

Sheet Nguon_tham_khao
A1: Nguon tham khao da dung de thiet ke mau
A2: STT | B2: Nguon / van ban | C2: Noi dung dung de thiet ke | D2: Lien ket
A3: 1 | B3: Thong tu 32/2018/TT-BGDDT | C3: Khung Ch??ng tr?nh GDPT 2018, c?u tr?c c?p THPT, 35 tu?n th?c h?c v? logic x?y d?ng k? ho?ch gi?o d?c. | D3: https://thuvienphapluat.vn/van-ban/Giao-duc/Thong-tu-32-2018-TT-BGDDT-Chuong-trinh-giao-duc-pho-thong-403454.aspx
A4: 2 | B4: Thong tu 13/2022/TT-BGDDT | C4: Dieu chinh CT GDPT 2018, xac nhan Lich su la phan bat buoc o cap THPT va giu co che hoc theo dinh huong. | D4: https://thuvienphapluat.vn/van-ban/Giao-duc/Thong-tu-13-2022-TT-BGDDT-sua-doi-Thong-tu-32-2018-TT-BGDDT-Chuong-trinh-giao-duc-524666.aspx
A5: 3 | B5: Chuong trinh tong the CTGDPT 2018 (MOET) | C5: Nguon chinh thong de doi chieu khung chuong trinh tong the va ten cac mon/hoat dong giao duc. | D5: https://moet.gov.vn/content/tintuc/Lists/News/Attachments/8421/chuong-trinh-tong-the-ctgdpt-2018.pdf
A6: 4 | B6: Cong van 5512/BGDDT-GDTrH | C6: Can cu tham khao de to chuc ke hoach giao duc nha truong va su chu dong cua truong trong sap xep ke hoach day hoc. | D6: https://thuvienphapluat.vn/cong-van/Giao-duc/Cong-van-5512-BGDDT-GDTrH-2020-xay-dung-va-to-chuc-thuc-hien-ke-hoach-giao-duc-cua-nha-truong-462988.aspx
A7: 5 | B7: Thong tu 05/2025/TT-BGDDT | C7: Tham chieu dinh muc tiet/day giao vien THPT de lap sheet tong hop tai giao vien. | D7: https://congbao.chinhphu.vn/van-ban/thong-tu-so-05-2025-tt-bgddt-44543.htm
A8: 6 | B8: Cong khai phan cong giao vien THPT Huynh Thuc Khang 2025-2026 | C8: Tham khao cach cong khai phan cong theo hoc ky, tu do mau bo tri cot GV HK1/GV HK2. | D8: https://www.ptth-huynhthuckhang-quangnam.edu.vn/Files/files/Nam%20hoc%202025-2026/54_KH-THPTHTK_signed_signed_signed.pdf
A9: 7 | B9: Thong tin to hop mon lop 10 - THPT Hoai Duc A / THPT Tam Phu | C9: Tham khao cach cac truong cong bo to hop 4 mon lua chon va 3 cum chuyen de hoc tap. | D9: https://thpthoaiduca.hanoi.edu.vn/tuyen-sinh-vao-10-thpt/thong-tin-moi-nhat-ve-chuong-trinh-giao-duc-lop-10-nam-hoc-2025-2026-cua-truong/ctmb/21600/24731

Sheet DM_Mon_GDPT2018
A1: Danh muc mon hoc / hoat dong giao duc cap THPT theo GDPT 2018
A2: Ma_mon | B2: Ten_mon_hoat_dong | C2: Nhom_CT | D2: Tinh_chat | E2: Tiet_nam_chuan | F2: Co_the_vao_to_hop | G2: Ghi_chu
A3: NV | B3: Ngu van | C3: Bat buoc | D3: Mon hoc | E3: 105 | F3: Khong | G3: Bat buoc cho tat ca hoc sinh
A4: TOAN | B4: Toan | C4: Bat buoc | D4: Mon hoc | E4: 105 | F4: Khong | G4: Bat buoc cho tat ca hoc sinh
A5: NN1 | B5: Ngoai ngu 1 | C5: Bat buoc | D5: Mon hoc | E5: 105 | F5: Khong | G5: Tieng Anh/ngoai ngu 1 theo truong
A6: LS | B6: Lich su | C6: Bat buoc | D6: Mon hoc | E6: 52 | F6: Khong | G6: Phan bat buoc theo dieu chinh 2022
A7: GDTC | B7: Giao duc the chat | C7: Bat buoc | D7: Hoat dong giao duc | E7: 70 | F7: Khong | G7: Bat buoc
A8: GDQPAN | B8: Giao duc quoc phong va an ninh | C8: Bat buoc | D8: Mon hoc | E8: 35 | F8: Khong | G8: Bat buoc
A9: HDTNHN | B9: Hoat dong trai nghiem, huong nghiep | C9: Bat buoc | D9: Hoat dong giao duc | E9: 105 | F9: Khong | G9: Bat buoc
A10: GDDP | B10: Noi dung giao duc cua dia phuong | C10: Bat buoc | D10: Noi dung giao duc | E10: 35 | F10: Khong | G10: Bat buoc
A11: DL | B11: Dia li | C11: Lua chon | D11: Mon hoc | E11: 70 | F11: Co | G11: Hoc sinh chon 4 mon lua chon
A12: GDKTPL | B12: Giao duc kinh te va phap luat | C12: Lua chon | D12: Mon hoc | E12: 70 | F12: Co | G12: Hoc sinh chon 4 mon lua chon
A13: VL | B13: Vat li | C13: Lua chon | D13: Mon hoc | E13: 70 | F13: Co | G13: Hoc sinh chon 4 mon lua chon
A14: HH | B14: Hoa hoc | C14: Lua chon | D14: Mon hoc | E14: 70 | F14: Co | G14: Hoc sinh chon 4 mon lua chon
... A20: CDHT | B20: Cum chuyen de hoc tap | C20: Bo sung | D20: Cum chuyen de | E20: 105 | F20: Theo to hop | G20: 3 cum chuyen de, moi cum 35 tiet/nam hoc

Sheet DM_Giao_vien
A1: Danh muc giao vien
A2: Ma_GV | B2: Ho_ten | C2: To_CM | D2: Mon_chuyen_mon_chinh | E2: Trang_thai | F2: Dinh_muc_tuan | G2: Giam_tru_tuan | H2: Dinh_muc_hieu_luc | I2: Ghi_chu
F3: =IF(A3="","",Huong_dan!$B$10) | G3: =IF(A3="","",0) | H3: =IF(A3="","",F3-G3)
F4: =IF(A4="","",Huong_dan!$B$10) | G4: =IF(A4="","",0) | H4: =IF(A4="","",F4-G4)
F5: =IF(A5="","",Huong_dan!$B$10) | G5: =IF(A5="","",0) | H5: =IF(A5="","",F5-G5)
F6: =IF(A6="","",Huong_dan!$B$10) | G6: =IF(A6="","",0) | H6: =IF(A6="","",F6-G6)
F7: =IF(A7="","",Huong_dan!$B$10) | G7: =IF(A7="","",0) | H7: =IF(A7="","",F7-G7)
F8: =IF(A8="","",Huong_dan!$B$10) | G8: =IF(A8="","",0) | H8: =IF(A8="","",F8-G8)
F9: =IF(A9="","",Huong_dan!$B$10) | G9: =IF(A9="","",0) | H9: =IF(A9="","",F9-G9)
F10: =IF(A10="","",Huong_dan!$B$10) | G10: =IF(A10="","",0) | H10: =IF(A10="","",F10-G10)
F11: =IF(A11="","",Huong_dan!$B$10) | G11: =IF(A11="","",0) | H11: =IF(A11="","",F11-G11)
F12: =IF(A12="","",Huong_dan!$B$10) | G12: =IF(A12="","",0) | H12: =IF(A12="","",F12-G12)
F13: =IF(A13="","",Huong_dan!$B$10) | G13: =IF(A13="","",0) | H13: =IF(A13="","",F13-G13)
F14: =IF(A14="","",Huong_dan!$B$10) | G14: =IF(A14="","",0) | H14: =IF(A14="","",F14-G14)
... F102: =IF(A102="","",Huong_dan!$B$10) | G102: =IF(A102="","",0) | H102: =IF(A102="","",F102-G102)

Sheet DM_Lop
A1: Danh muc lop
A2: Lop | B2: Khoi | C2: Si_so | D2: Buoi_hoc | E2: Ma_to_hop | F2: GVCN_Ma | G2: GVCN_Ho_ten | H2: Ghi_chu
G3: =IFERROR(VLOOKUP(F3,DM_Giao_vien!$A$3:$H$102,2,FALSE),"")
G4: =IFERROR(VLOOKUP(F4,DM_Giao_vien!$A$3:$H$102,2,FALSE),"")
G5: =IFERROR(VLOOKUP(F5,DM_Giao_vien!$A$3:$H$102,2,FALSE),"")
G6: =IFERROR(VLOOKUP(F6,DM_Giao_vien!$A$3:$H$102,2,FALSE),"")
G7: =IFERROR(VLOOKUP(F7,DM_Giao_vien!$A$3:$H$102,2,FALSE),"")
G8: =IFERROR(VLOOKUP(F8,DM_Giao_vien!$A$3:$H$102,2,FALSE),"")
G9: =IFERROR(VLOOKUP(F9,DM_Giao_vien!$A$3:$H$102,2,FALSE),"")
G10: =IFERROR(VLOOKUP(F10,DM_Giao_vien!$A$3:$H$102,2,FALSE),"")
G11: =IFERROR(VLOOKUP(F11,DM_Giao_vien!$A$3:$H$102,2,FALSE),"")
G12: =IFERROR(VLOOKUP(F12,DM_Giao_vien!$A$3:$H$102,2,FALSE),"")
G13: =IFERROR(VLOOKUP(F13,DM_Giao_vien!$A$3:$H$102,2,FALSE),"")
G14: =IFERROR(VLOOKUP(F14,DM_Giao_vien!$A$3:$H$102,2,FALSE),"")
... G102: =IFERROR(VLOOKUP(F102,DM_Giao_vien!$A$3:$H$102,2,FALSE),"")

Sheet DM_To_hop
A1: Danh muc to hop mon lua chon va cum chuyen de (mau tham khao)
A2: Ma_to_hop | B2: Khoi_ap_dung | C2: Mon_lua_chon_1 | D2: Mon_lua_chon_2 | E2: Mon_lua_chon_3 | F2: Mon_lua_chon_4 | G2: Cum_CD_1 | H2: Cum_CD_2 | I2: Cum_CD_3 | J2: Ghi_chu
A3: TH1 | B3: 10 | C3: VL | D3: HH | E3: SH | F3: TH | G3: TOAN | H3: VL | I3: HH | J3: Mau thien ve KHTN
A4: TH2 | B4: 10 | C4: VL | D4: HH | E4: TH | F4: GDKTPL | G4: TOAN | H4: NV | I4: VL | J4: Mau lai khoa hoc - cong nghe
A5: TH3 | B5: 10 | C5: DL | D5: GDKTPL | E5: TH | F5: CN | G5: NV | H5: DL | I5: GDKTPL | J5: Mau KHXH / kinh te / cong nghe
A6: TH4 | B6: 10 | C6: DL | D6: GDKTPL | E6: AN | F6: MT | G6: NV | H6: DL | I6: MT | J6: Mau nghe thuat - xa hoi
A7: TH5 | B7: 11 | C7: VL | D7: HH | E7: CN | F7: TH | G7: TOAN | H7: VL | I7: CN | J7: Mau lop 11 co cong nghe
A8: TH6 | B8: 12 | C8: DL | D8: GDKTPL | E8: TH | F8: CN | G8: NV | H8: DL | I8: GDKTPL | J8: Mau lop 12 dinh huong xa hoi

Sheet Phan_cong
A1: Bang phan cong giang day mon hoc - giao vien THPT
A2: STT | B2: Nam_hoc | C2: Khoi | D2: Lop | E2: Ma_to_hop | F2: Ma_mon | G2: Ten_mon | H2: Nhom_CT | I2: Tiet_nam_CT | J2: Tiet_HK1 | K2: Tiet_HK2 | L2: GV_HK1_Ma | M2: GV_HK1_Ho_ten | N2: GV_HK1_Dinh_muc | O2: GV_HK2_Ma | P2: GV_HK2_Ho_ten | Q2: GV_HK2_Dinh_muc | R2: Ghi_chu
A3: 1 | B3: =IF(D3="","",Huong_dan!$B$6) | G3: =IFERROR(VLOOKUP(F3,DM_Mon_GDPT2018!$A$3:$G$20,2,FALSE),"") | H3: =IFERROR(VLOOKUP(F3,DM_Mon_GDPT2018!$A$3:$G$20,3,FALSE),"") | I3: =IFERROR(VLOOKUP(F3,DM_Mon_GDPT2018!$A$3:$G$20,5,FALSE),"") | J3: =IF($I3="","",ROUND($I3*Huong_dan!$B$7/Huong_dan!$B$9,0)) | K3: =IF($I3="","",$I3-$J3) | M3: =IFERROR(VLOOKUP(L3,DM_Giao_vien!$A$3:$H$102,2,FALSE),"") | N3: =IFERROR(VLOOKUP(L3,DM_Giao_vien!$A$3:$H$102,8,FALSE),"") | P3: =IFERROR(VLOOKUP(O3,DM_Giao_vien!$A$3:$H$102,2,FALSE),"") | Q3: =IFERROR(VLOOKUP(O3,DM_Giao_vien!$A$3:$H$102,8,FALSE),"")
A4: 2 | B4: =IF(D4="","",Huong_dan!$B$6) | G4: =IFERROR(VLOOKUP(F4,DM_Mon_GDPT2018!$A$3:$G$20,2,FALSE),"") | H4: =IFERROR(VLOOKUP(F4,DM_Mon_GDPT2018!$A$3:$G$20,3,FALSE),"") | I4: =IFERROR(VLOOKUP(F4,DM_Mon_GDPT2018!$A$3:$G$20,5,FALSE),"") | J4: =IF($I4="","",ROUND($I4*Huong_dan!$B$7/Huong_dan!$B$9,0)) | K4: =IF($I4="","",$I4-$J4) | M4: =IFERROR(VLOOKUP(L4,DM_Giao_vien!$A$3:$H$102,2,FALSE),"") | N4: =IFERROR(VLOOKUP(L4,DM_Giao_vien!$A$3:$H$102,8,FALSE),"") | P4: =IFERROR(VLOOKUP(O4,DM_Giao_vien!$A$3:$H$102,2,FALSE),"") | Q4: =IFERROR(VLOOKUP(O4,DM_Giao_vien!$A$3:$H$102,8,FALSE),"")
A5: 3 | B5: =IF(D5="","",Huong_dan!$B$6) | G5: =IFERROR(VLOOKUP(F5,DM_Mon_GDPT2018!$A$3:$G$20,2,FALSE),"") | H5: =IFERROR(VLOOKUP(F5,DM_Mon_GDPT2018!$A$3:$G$20,3,FALSE),"") | I5: =IFERROR(VLOOKUP(F5,DM_Mon_GDPT2018!$A$3:$G$20,5,FALSE),"") | J5: =IF($I5="","",ROUND($I5*Huong_dan!$B$7/Huong_dan!$B$9,0)) | K5: =IF($I5="","",$I5-$J5) | M5: =IFERROR(VLOOKUP(L5,DM_Giao_vien!$A$3:$H$102,2,FALSE),"") | N5: =IFERROR(VLOOKUP(L5,DM_Giao_vien!$A$3:$H$102,8,FALSE),"") | P5: =IFERROR(VLOOKUP(O5,DM_Giao_vien!$A$3:$H$102,2,FALSE),"") | Q5: =IFERROR(VLOOKUP(O5,DM_Giao_vien!$A$3:$H$102,8,FALSE),"")
A6: 4 | B6: =IF(D6="","",Huong_dan!$B$6) | G6: =IFERROR(VLOOKUP(F6,DM_Mon_GDPT2018!$A$3:$G$20,2,FALSE),"") | H6: =IFERROR(VLOOKUP(F6,DM_Mon_GDPT2018!$A$3:$G$20,3,FALSE),"") | I6: =IFERROR(VLOOKUP(F6,DM_Mon_GDPT2018!$A$3:$G$20,5,FALSE),"") | J6: =IF($I6="","",ROUND($I6*Huong_dan!$B$7/Huong_dan!$B$9,0)) | K6: =IF($I6="","",$I6-$J6) | M6: =IFERROR(VLOOKUP(L6,DM_Giao_vien!$A$3:$H$102,2,FALSE),"") | N6: =IFERROR(VLOOKUP(L6,DM_Giao_vien!$A$3:$H$102,8,FALSE),"") | P6: =IFERROR(VLOOKUP(O6,DM_Giao_vien!$A$3:$H$102,2,FALSE),"") | Q6: =IFERROR(VLOOKUP(O6,DM_Giao_vien!$A$3:$H$102,8,FALSE),"")
A7: 5 | B7: =IF(D7="","",Huong_dan!$B$6) | G7: =IFERROR(VLOOKUP(F7,DM_Mon_GDPT2018!$A$3:$G$20,2,FALSE),"") | H7: =IFERROR(VLOOKUP(F7,DM_Mon_GDPT2018!$A$3:$G$20,3,FALSE),"") | I7: =IFERROR(VLOOKUP(F7,DM_Mon_GDPT2018!$A$3:$G$20,5,FALSE),"") | J7: =IF($I7="","",ROUND($I7*Huong_dan!$B$7/Huong_dan!$B$9,0)) | K7: =IF($I7="","",$I7-$J7) | M7: =IFERROR(VLOOKUP(L7,DM_Giao_vien!$A$3:$H$102,2,FALSE),"") | N7: =IFERROR(VLOOKUP(L7,DM_Giao_vien!$A$3:$H$102,8,FALSE),"") | P7: =IFERROR(VLOOKUP(O7,DM_Giao_vien!$A$3:$H$102,2,FALSE),"") | Q7: =IFERROR(VLOOKUP(O7,DM_Giao_vien!$A$3:$H$102,8,FALSE),"")
A8: 6 | B8: =IF(D8="","",Huong_dan!$B$6) | G8: =IFERROR(VLOOKUP(F8,DM_Mon_GDPT2018!$A$3:$G$20,2,FALSE),"") | H8: =IFERROR(VLOOKUP(F8,DM_Mon_GDPT2018!$A$3:$G$20,3,FALSE),"") | I8: =IFERROR(VLOOKUP(F8,DM_Mon_GDPT2018!$A$3:$G$20,5,FALSE),"") | J8: =IF($I8="","",ROUND($I8*Huong_dan!$B$7/Huong_dan!$B$9,0)) | K8: =IF($I8="","",$I8-$J8) | M8: =IFERROR(VLOOKUP(L8,DM_Giao_vien!$A$3:$H$102,2,FALSE),"") | N8: =IFERROR(VLOOKUP(L8,DM_Giao_vien!$A$3:$H$102,8,FALSE),"") | P8: =IFERROR(VLOOKUP(O8,DM_Giao_vien!$A$3:$H$102,2,FALSE),"") | Q8: =IFERROR(VLOOKUP(O8,DM_Giao_vien!$A$3:$H$102,8,FALSE),"")
A9: 7 | B9: =IF(D9="","",Huong_dan!$B$6) | G9: =IFERROR(VLOOKUP(F9,DM_Mon_GDPT2018!$A$3:$G$20,2,FALSE),"") | H9: =IFERROR(VLOOKUP(F9,DM_Mon_GDPT2018!$A$3:$G$20,3,FALSE),"") | I9: =IFERROR(VLOOKUP(F9,DM_Mon_GDPT2018!$A$3:$G$20,5,FALSE),"") | J9: =IF($I9="","",ROUND($I9*Huong_dan!$B$7/Huong_dan!$B$9,0)) | K9: =IF($I9="","",$I9-$J9) | M9: =IFERROR(VLOOKUP(L9,DM_Giao_vien!$A$3:$H$102,2,FALSE),"") | N9: =IFERROR(VLOOKUP(L9,DM_Giao_vien!$A$3:$H$102,8,FALSE),"") | P9: =IFERROR(VLOOKUP(O9,DM_Giao_vien!$A$3:$H$102,2,FALSE),"") | Q9: =IFERROR(VLOOKUP(O9,DM_Giao_vien!$A$3:$H$102,8,FALSE),"")
A10: 8 | B10: =IF(D10="","",Huong_dan!$B$6) | G10: =IFERROR(VLOOKUP(F10,DM_Mon_GDPT2018!$A$3:$G$20,2,FALSE),"") | H10: =IFERROR(VLOOKUP(F10,DM_Mon_GDPT2018!$A$3:$G$20,3,FALSE),"") | I10: =IFERROR(VLOOKUP(F10,DM_Mon_GDPT2018!$A$3:$G$20,5,FALSE),"") | J10: =IF($I10="","",ROUND($I10*Huong_dan!$B$7/Huong_dan!$B$9,0)) | K10: =IF($I10="","",$I10-$J10) | M10: =IFERROR(VLOOKUP(L10,DM_Giao_vien!$A$3:$H$102,2,FALSE),"") | N10: =IFERROR(VLOOKUP(L10,DM_Giao_vien!$A$3:$H$102,8,FALSE),"") | P10: =IFERROR(VLOOKUP(O10,DM_Giao_vien!$A$3:$H$102,2,FALSE),"") | Q10: =IFERROR(VLOOKUP(O10,DM_Giao_vien!$A$3:$H$102,8,FALSE),"")
A11: 9 | B11: =IF(D11="","",Huong_dan!$B$6) | G11: =IFERROR(VLOOKUP(F11,DM_Mon_GDPT2018!$A$3:$G$20,2,FALSE),"") | H11: =IFERROR(VLOOKUP(F11,DM_Mon_GDPT2018!$A$3:$G$20,3,FALSE),"") | I11: =IFERROR(VLOOKUP(F11,DM_Mon_GDPT2018!$A$3:$G$20,5,FALSE),"") | J11: =IF($I11="","",ROUND($I11*Huong_dan!$B$7/Huong_dan!$B$9,0)) | K11: =IF($I11="","",$I11-$J11) | M11: =IFERROR(VLOOKUP(L11,DM_Giao_vien!$A$3:$H$102,2,FALSE),"") | N11: =IFERROR(VLOOKUP(L11,DM_Giao_vien!$A$3:$H$102,8,FALSE),"") | P11: =IFERROR(VLOOKUP(O11,DM_Giao_vien!$A$3:$H$102,2,FALSE),"") | Q11: =IFERROR(VLOOKUP(O11,DM_Giao_vien!$A$3:$H$102,8,FALSE),"")
A12: 10 | B12: =IF(D12="","",Huong_dan!$B$6) | G12: =IFERROR(VLOOKUP(F12,DM_Mon_GDPT2018!$A$3:$G$20,2,FALSE),"") | H12: =IFERROR(VLOOKUP(F12,DM_Mon_GDPT2018!$A$3:$G$20,3,FALSE),"") | I12: =IFERROR(VLOOKUP(F12,DM_Mon_GDPT2018!$A$3:$G$20,5,FALSE),"") | J12: =IF($I12="","",ROUND($I12*Huong_dan!$B$7/Huong_dan!$B$9,0)) | K12: =IF($I12="","",$I12-$J12) | M12: =IFERROR(VLOOKUP(L12,DM_Giao_vien!$A$3:$H$102,2,FALSE),"") | N12: =IFERROR(VLOOKUP(L12,DM_Giao_vien!$A$3:$H$102,8,FALSE),"") | P12: =IFERROR(VLOOKUP(O12,DM_Giao_vien!$A$3:$H$102,2,FALSE),"") | Q12: =IFERROR(VLOOKUP(O12,DM_Giao_vien!$A$3:$H$102,8,FALSE),"")
A13: 11 | B13: =IF(D13="","",Huong_dan!$B$6) | G13: =IFERROR(VLOOKUP(F13,DM_Mon_GDPT2018!$A$3:$G$20,2,FALSE),"") | H13: =IFERROR(VLOOKUP(F13,DM_Mon_GDPT2018!$A$3:$G$20,3,FALSE),"") | I13: =IFERROR(VLOOKUP(F13,DM_Mon_GDPT2018!$A$3:$G$20,5,FALSE),"") | J13: =IF($I13="","",ROUND($I13*Huong_dan!$B$7/Huong_dan!$B$9,0)) | K13: =IF($I13="","",$I13-$J13) | M13: =IFERROR(VLOOKUP(L13,DM_Giao_vien!$A$3:$H$102,2,FALSE),"") | N13: =IFERROR(VLOOKUP(L13,DM_Giao_vien!$A$3:$H$102,8,FALSE),"") | P13: =IFERROR(VLOOKUP(O13,DM_Giao_vien!$A$3:$H$102,2,FALSE),"") | Q13: =IFERROR(VLOOKUP(O13,DM_Giao_vien!$A$3:$H$102,8,FALSE),"")
A14: 12 | B14: =IF(D14="","",Huong_dan!$B$6) | G14: =IFERROR(VLOOKUP(F14,DM_Mon_GDPT2018!$A$3:$G$20,2,FALSE),"") | H14: =IFERROR(VLOOKUP(F14,DM_Mon_GDPT2018!$A$3:$G$20,3,FALSE),"") | I14: =IFERROR(VLOOKUP(F14,DM_Mon_GDPT2018!$A$3:$G$20,5,FALSE),"") | J14: =IF($I14="","",ROUND($I14*Huong_dan!$B$7/Huong_dan!$B$9,0)) | K14: =IF($I14="","",$I14-$J14) | M14: =IFERROR(VLOOKUP(L14,DM_Giao_vien!$A$3:$H$102,2,FALSE),"") | N14: =IFERROR(VLOOKUP(L14,DM_Giao_vien!$A$3:$H$102,8,FALSE),"") | P14: =IFERROR(VLOOKUP(O14,DM_Giao_vien!$A$3:$H$102,2,FALSE),"") | Q14: =IFERROR(VLOOKUP(O14,DM_Giao_vien!$A$3:$H$102,8,FALSE),"")
... A302: 300 | B302: =IF(D302="","",Huong_dan!$B$6) | G302: =IFERROR(VLOOKUP(F302,DM_Mon_GDPT2018!$A$3:$G$20,2,FALSE),"") | H302: =IFERROR(VLOOKUP(F302,DM_Mon_GDPT2018!$A$3:$G$20,3,FALSE),"") | I302: =IFERROR(VLOOKUP(F302,DM_Mon_GDPT2018!$A$3:$G$20,5,FALSE),"") | J302: =IF($I302="","",ROUND($I302*Huong_dan!$B$7/Huong_dan!$B$9,0)) | K302: =IF($I302="","",$I302-$J302) | M302: =IFERROR(VLOOKUP(L302,DM_Giao_vien!$A$3:$H$102,2,FALSE),"") | N302: =IFERROR(VLOOKUP(L302,DM_Giao_vien!$A$3:$H$102,8,FALSE),"") | P302: =IFERROR(VLOOKUP(O302,DM_Giao_vien!$A$3:$H$102,2,FALSE),"") | Q302: =IFERROR(VLOOKUP(O302,DM_Giao_vien!$A$3:$H$102,8,FALSE),"")

Sheet Tong_hop_GV
A1: Tong hop tai giang day theo giao vien
A2: Ma_GV | B2: Ho_ten | C2: To_CM | D2: Dinh_muc_tuan | E2: Tong_tiet_HK1 | F2: Tong_tiet_HK2 | G2: BQ_tuan_HK1 | H2: BQ_tuan_HK2 | I2: Chenh_HK1 | J2: Chenh_HK2 | K2: Tong_tiet_nam | L2: So_dong_PC_HK1 | M2: So_dong_PC_HK2 | N2: Ghi_chu
A3: =DM_Giao_vien!A3 | B3: =DM_Giao_vien!B3 | C3: =DM_Giao_vien!C3 | D3: =DM_Giao_vien!H3 | E3: =IF($A3="","",SUMIFS(Phan_cong!$J$3:$J$302,Phan_cong!$L$3:$L$302,$A3)) | F3: =IF($A3="","",SUMIFS(Phan_cong!$K$3:$K$302,Phan_cong!$O$3:$O$302,$A3)) | G3: =IF($A3="","",ROUND($E3/Huong_dan!$B$7,2)) | H3: =IF($A3="","",ROUND($F3/Huong_dan!$B$8,2)) | I3: =IF($A3="","",ROUND($G3-$D3,2)) | J3: =IF($A3="","",ROUND($H3-$D3,2)) | K3: =IF($A3="","",$E3+$F3) | L3: =IF($A3="","",COUNTIF(Phan_cong!$L$3:$L$302,$A3)) | M3: =IF($A3="","",COUNTIF(Phan_cong!$O$3:$O$302,$A3))
A4: =DM_Giao_vien!A4 | B4: =DM_Giao_vien!B4 | C4: =DM_Giao_vien!C4 | D4: =DM_Giao_vien!H4 | E4: =IF($A4="","",SUMIFS(Phan_cong!$J$3:$J$302,Phan_cong!$L$3:$L$302,$A4)) | F4: =IF($A4="","",SUMIFS(Phan_cong!$K$3:$K$302,Phan_cong!$O$3:$O$302,$A4)) | G4: =IF($A4="","",ROUND($E4/Huong_dan!$B$7,2)) | H4: =IF($A4="","",ROUND($F4/Huong_dan!$B$8,2)) | I4: =IF($A4="","",ROUND($G4-$D4,2)) | J4: =IF($A4="","",ROUND($H4-$D4,2)) | K4: =IF($A4="","",$E4+$F4) | L4: =IF($A4="","",COUNTIF(Phan_cong!$L$3:$L$302,$A4)) | M4: =IF($A4="","",COUNTIF(Phan_cong!$O$3:$O$302,$A4))
A5: =DM_Giao_vien!A5 | B5: =DM_Giao_vien!B5 | C5: =DM_Giao_vien!C5 | D5: =DM_Giao_vien!H5 | E5: =IF($A5="","",SUMIFS(Phan_cong!$J$3:$J$302,Phan_cong!$L$3:$L$302,$A5)) | F5: =IF($A5="","",SUMIFS(Phan_cong!$K$3:$K$302,Phan_cong!$O$3:$O$302,$A5)) | G5: =IF($A5="","",ROUND($E5/Huong_dan!$B$7,2)) | H5: =IF($A5="","",ROUND($F5/Huong_dan!$B$8,2)) | I5: =IF($A5="","",ROUND($G5-$D5,2)) | J5: =IF($A5="","",ROUND($H5-$D5,2)) | K5: =IF($A5="","",$E5+$F5) | L5: =IF($A5="","",COUNTIF(Phan_cong!$L$3:$L$302,$A5)) | M5: =IF($A5="","",COUNTIF(Phan_cong!$O$3:$O$302,$A5))
A6: =DM_Giao_vien!A6 | B6: =DM_Giao_vien!B6 | C6: =DM_Giao_vien!C6 | D6: =DM_Giao_vien!H6 | E6: =IF($A6="","",SUMIFS(Phan_cong!$J$3:$J$302,Phan_cong!$L$3:$L$302,$A6)) | F6: =IF($A6="","",SUMIFS(Phan_cong!$K$3:$K$302,Phan_cong!$O$3:$O$302,$A6)) | G6: =IF($A6="","",ROUND($E6/Huong_dan!$B$7,2)) | H6: =IF($A6="","",ROUND($F6/Huong_dan!$B$8,2)) | I6: =IF($A6="","",ROUND($G6-$D6,2)) | J6: =IF($A6="","",ROUND($H6-$D6,2)) | K6: =IF($A6="","",$E6+$F6) | L6: =IF($A6="","",COUNTIF(Phan_cong!$L$3:$L$302,$A6)) | M6: =IF($A6="","",COUNTIF(Phan_cong!$O$3:$O$302,$A6))
A7: =DM_Giao_vien!A7 | B7: =DM_Giao_vien!B7 | C7: =DM_Giao_vien!C7 | D7: =DM_Giao_vien!H7 | E7: =IF($A7="","",SUMIFS(Phan_cong!$J$3:$J$302,Phan_cong!$L$3:$L$302,$A7)) | F7: =IF($A7="","",SUMIFS(Phan_cong!$K$3:$K$302,Phan_cong!$O$3:$O$302,$A7)) | G7: =IF($A7="","",ROUND($E7/Huong_dan!$B$7,2)) | H7: =IF($A7="","",ROUND($F7/Huong_dan!$B$8,2)) | I7: =IF($A7="","",ROUND($G7-$D7,2)) | J7: =IF($A7="","",ROUND($H7-$D7,2)) | K7: =IF($A7="","",$E7+$F7) | L7: =IF($A7="","",COUNTIF(Phan_cong!$L$3:$L$302,$A7)) | M7: =IF($A7="","",COUNTIF(Phan_cong!$O$3:$O$302,$A7))
A8: =DM_Giao_vien!A8 | B8: =DM_Giao_vien!B8 | C8: =DM_Giao_vien!C8 | D8: =DM_Giao_vien!H8 | E8: =IF($A8="","",SUMIFS(Phan_cong!$J$3:$J$302,Phan_cong!$L$3:$L$302,$A8)) | F8: =IF($A8="","",SUMIFS(Phan_cong!$K$3:$K$302,Phan_cong!$O$3:$O$302,$A8)) | G8: =IF($A8="","",ROUND($E8/Huong_dan!$B$7,2)) | H8: =IF($A8="","",ROUND($F8/Huong_dan!$B$8,2)) | I8: =IF($A8="","",ROUND($G8-$D8,2)) | J8: =IF($A8="","",ROUND($H8-$D8,2)) | K8: =IF($A8="","",$E8+$F8) | L8: =IF($A8="","",COUNTIF(Phan_cong!$L$3:$L$302,$A8)) | M8: =IF($A8="","",COUNTIF(Phan_cong!$O$3:$O$302,$A8))
A9: =DM_Giao_vien!A9 | B9: =DM_Giao_vien!B9 | C9: =DM_Giao_vien!C9 | D9: =DM_Giao_vien!H9 | E9: =IF($A9="","",SUMIFS(Phan_cong!$J$3:$J$302,Phan_cong!$L$3:$L$302,$A9)) | F9: =IF($A9="","",SUMIFS(Phan_cong!$K$3:$K$302,Phan_cong!$O$3:$O$302,$A9)) | G9: =IF($A9="","",ROUND($E9/Huong_dan!$B$7,2)) | H9: =IF($A9="","",ROUND($F9/Huong_dan!$B$8,2)) | I9: =IF($A9="","",ROUND($G9-$D9,2)) | J9: =IF($A9="","",ROUND($H9-$D9,2)) | K9: =IF($A9="","",$E9+$F9) | L9: =IF($A9="","",COUNTIF(Phan_cong!$L$3:$L$302,$A9)) | M9: =IF($A9="","",COUNTIF(Phan_cong!$O$3:$O$302,$A9))
A10: =DM_Giao_vien!A10 | B10: =DM_Giao_vien!B10 | C10: =DM_Giao_vien!C10 | D10: =DM_Giao_vien!H10 | E10: =IF($A10="","",SUMIFS(Phan_cong!$J$3:$J$302,Phan_cong!$L$3:$L$302,$A10)) | F10: =IF($A10="","",SUMIFS(Phan_cong!$K$3:$K$302,Phan_cong!$O$3:$O$302,$A10)) | G10: =IF($A10="","",ROUND($E10/Huong_dan!$B$7,2)) | H10: =IF($A10="","",ROUND($F10/Huong_dan!$B$8,2)) | I10: =IF($A10="","",ROUND($G10-$D10,2)) | J10: =IF($A10="","",ROUND($H10-$D10,2)) | K10: =IF($A10="","",$E10+$F10) | L10: =IF($A10="","",COUNTIF(Phan_cong!$L$3:$L$302,$A10)) | M10: =IF($A10="","",COUNTIF(Phan_cong!$O$3:$O$302,$A10))
A11: =DM_Giao_vien!A11 | B11: =DM_Giao_vien!B11 | C11: =DM_Giao_vien!C11 | D11: =DM_Giao_vien!H11 | E11: =IF($A11="","",SUMIFS(Phan_cong!$J$3:$J$302,Phan_cong!$L$3:$L$302,$A11)) | F11: =IF($A11="","",SUMIFS(Phan_cong!$K$3:$K$302,Phan_cong!$O$3:$O$302,$A11)) | G11: =IF($A11="","",ROUND($E11/Huong_dan!$B$7,2)) | H11: =IF($A11="","",ROUND($F11/Huong_dan!$B$8,2)) | I11: =IF($A11="","",ROUND($G11-$D11,2)) | J11: =IF($A11="","",ROUND($H11-$D11,2)) | K11: =IF($A11="","",$E11+$F11) | L11: =IF($A11="","",COUNTIF(Phan_cong!$L$3:$L$302,$A11)) | M11: =IF($A11="","",COUNTIF(Phan_cong!$O$3:$O$302,$A11))
A12: =DM_Giao_vien!A12 | B12: =DM_Giao_vien!B12 | C12: =DM_Giao_vien!C12 | D12: =DM_Giao_vien!H12 | E12: =IF($A12="","",SUMIFS(Phan_cong!$J$3:$J$302,Phan_cong!$L$3:$L$302,$A12)) | F12: =IF($A12="","",SUMIFS(Phan_cong!$K$3:$K$302,Phan_cong!$O$3:$O$302,$A12)) | G12: =IF($A12="","",ROUND($E12/Huong_dan!$B$7,2)) | H12: =IF($A12="","",ROUND($F12/Huong_dan!$B$8,2)) | I12: =IF($A12="","",ROUND($G12-$D12,2)) | J12: =IF($A12="","",ROUND($H12-$D12,2)) | K12: =IF($A12="","",$E12+$F12) | L12: =IF($A12="","",COUNTIF(Phan_cong!$L$3:$L$302,$A12)) | M12: =IF($A12="","",COUNTIF(Phan_cong!$O$3:$O$302,$A12))
A13: =DM_Giao_vien!A13 | B13: =DM_Giao_vien!B13 | C13: =DM_Giao_vien!C13 | D13: =DM_Giao_vien!H13 | E13: =IF($A13="","",SUMIFS(Phan_cong!$J$3:$J$302,Phan_cong!$L$3:$L$302,$A13)) | F13: =IF($A13="","",SUMIFS(Phan_cong!$K$3:$K$302,Phan_cong!$O$3:$O$302,$A13)) | G13: =IF($A13="","",ROUND($E13/Huong_dan!$B$7,2)) | H13: =IF($A13="","",ROUND($F13/Huong_dan!$B$8,2)) | I13: =IF($A13="","",ROUND($G13-$D13,2)) | J13: =IF($A13="","",ROUND($H13-$D13,2)) | K13: =IF($A13="","",$E13+$F13) | L13: =IF($A13="","",COUNTIF(Phan_cong!$L$3:$L$302,$A13)) | M13: =IF($A13="","",COUNTIF(Phan_cong!$O$3:$O$302,$A13))
A14: =DM_Giao_vien!A14 | B14: =DM_Giao_vien!B14 | C14: =DM_Giao_vien!C14 | D14: =DM_Giao_vien!H14 | E14: =IF($A14="","",SUMIFS(Phan_cong!$J$3:$J$302,Phan_cong!$L$3:$L$302,$A14)) | F14: =IF($A14="","",SUMIFS(Phan_cong!$K$3:$K$302,Phan_cong!$O$3:$O$302,$A14)) | G14: =IF($A14="","",ROUND($E14/Huong_dan!$B$7,2)) | H14: =IF($A14="","",ROUND($F14/Huong_dan!$B$8,2)) | I14: =IF($A14="","",ROUND($G14-$D14,2)) | J14: =IF($A14="","",ROUND($H14-$D14,2)) | K14: =IF($A14="","",$E14+$F14) | L14: =IF($A14="","",COUNTIF(Phan_cong!$L$3:$L$302,$A14)) | M14: =IF($A14="","",COUNTIF(Phan_cong!$O$3:$O$302,$A14))
... A102: =DM_Giao_vien!A102 | B102: =DM_Giao_vien!B102 | C102: =DM_Giao_vien!C102 | D102: =DM_Giao_vien!H102 | E102: =IF($A102="","",SUMIFS(Phan_cong!$J$3:$J$302,Phan_cong!$L$3:$L$302,$A102)) | F102: =IF($A102="","",SUMIFS(Phan_cong!$K$3:$K$302,Phan_cong!$O$3:$O$302,$A102)) | G102: =IF($A102="","",ROUND($E102/Huong_dan!$B$7,2)) | H102: =IF($A102="","",ROUND($F102/Huong_dan!$B$8,2)) | I102: =IF($A102="","",ROUND($G102-$D102,2)) | J102: =IF($A102="","",ROUND($H102-$D102,2)) | K102: =IF($A102="","",$E102+$F102) | L102: =IF($A102="","",COUNTIF(Phan_cong!$L$3:$L$302,$A102)) | M102: =IF($A102="","",COUNTIF(Phan_cong!$O$3:$O$302,$A102))
