Workbook

Sheet Huong_dan
A1: B?ng ph?n c?ng gi?ng d?y THPT theo c?u tr?c GDPT 2018
A2: File n?y l? b?n c? d? li?u m?u minh h?a. B?n c? th? s?a tr?c ti?p danh m?c gi?o vi?n, l?p, t? h?p v? b?ng ph?n c?ng ?? d?ng cho tr??ng c?a m?nh.
A3: Tham s? | B3: Gi? tr? | C3: Ghi ch?
A4: N?m h?c | B4: 2026-2027 | C4: Tham s? m?c ??nh c?a file
A5: S? tu?n HK1 | B5: 18 | C5: D?ng ?? quy ??i ti?t HK1 b?nh qu?n/tu?n
A6: S? tu?n HK2 | B6: 17 | C6: D?ng ?? quy ??i ti?t HK2 b?nh qu?n/tu?n
A7: T?ng s? tu?n th?c h?c | B7: =B5+B6 | C7: Th?ng th??ng 35 tu?n th?c h?c c?p THPT
A8: ??nh m?c ti?t/tu?n GV THPT | B8: 17 | C8: C? th? ch?nh theo tr??ng h?p gi?m tr?/ki?m nhi?m
A10: ?i?m chu?n h?a theo ngu?n tham kh?o
A11: 1. Gi? c?u tr?c THPT theo GDPT 2018: 8 n?i dung b?t bu?c, 4 m?n l?a ch?n, 3 c?m chuy?n ?? h?c t?p.
A12: 2. L?ch s? ???c ??t ? nh?m b?t bu?c theo ?i?u ch?nh n?m 2022.
A13: 3. M? chuy?n ?? nh? CD_TOAN, CD_VL... l? m? qu?n tr? n?i b? ?? t?ch ph?n ph?n c?ng gi?o vi?n; tr??ng c? th? ??i t?n m?.
A14: 4. B?n n?y ?? n?p d? li?u m?u ?? b?n nh?n th?y ngay c?ch ?i?n v? c?ch t?ng h?p t?i GV.

Sheet Nguon_tham_khao
A1: Ngu?n tham kh?o s? d?ng ?? thi?t k? file
A2: STT | B2: Ngu?n / v?n b?n | C2: Vai tr? trong thi?t k? file | D2: Li?n k?t
A3: 1 | B3: Th?ng t? 32/2018/TT-BGD?T | C3: Khung CT GDPT 2018 v? c?u tr?c ch??ng tr?nh c?p THPT. | D3: https://thuvienphapluat.vn/van-ban/Giao-duc/Thong-tu-32-2018-TT-BGDDT-Chuong-trinh-giao-duc-pho-thong-403454.aspx
A4: 2 | B4: Th?ng t? 13/2022/TT-BGD?T | C4: ?i?u ch?nh CT GDPT 2018, trong ?? c? n?i dung L?ch s? ? THPT. | D4: https://thuvienphapluat.vn/van-ban/Giao-duc/Thong-tu-13-2022-TT-BGD?T-sua-doi-Thong-tu-32-2018-TT-BGDDT-Chuong-trinh-giao-duc-524666.aspx
A5: 3 | B5: Ch??ng tr?nh t?ng th? CTGDPT 2018 - B? GD&?T | C5: Ngu?n ch?nh th?ng ?? ??i chi?u t?n m?n, ho?t ??ng v? logic ch??ng tr?nh. | D5: https://moet.gov.vn/content/tintuc/Lists/News/Attachments/8421/chuong-trinh-tong-the-ctgdpt-2018.pdf
A6: 4 | B6: C?ng v?n 5512/BGD?T-GDTrH | C6: Tham kh?o logic x?y d?ng k? ho?ch gi?o d?c nh? tr??ng. | D6: https://thuvienphapluat.vn/cong-van/Giao-duc/Cong-van-5512-BGDDT-GDTrH-2020-xay-dung-va-to-chuc-thuc-hien-ke-hoach-giao-duc-cua-nha-truong-462988.aspx
A7: 5 | B7: Th?ng t? 05/2025/TT-BGD?T | C7: Tham kh?o ??nh m?c ti?t d?y ?? l?m sheet t?ng h?p t?i gi?o vi?n. | D7: https://congbao.chinhphu.vn/van-ban/thong-tu-so-05-2025-tt-bgddt-44543.htm

Sheet DM_Mon_GDPT2018
A1: Danh m?c m?n h?c / ho?t ??ng gi?o d?c / chuy?n ??
A2: M?_m?n | B2: T?n_m?n | C2: Nh?m_CT | D2: T?nh_ch?t | E2: Ti?t_n?m | F2: C?_trong_t?_h?p | G2: Ghi_ch?
A3: NV | B3: Ng? v?n | C3: B?t bu?c | D3: M?n h?c | E3: 105 | F3: Kh?ng | G3: B?t bu?c cho m?i h?c sinh THPT
A4: TOAN | B4: To?n | C4: B?t bu?c | D4: M?n h?c | E4: 105 | F4: Kh?ng | G4: B?t bu?c cho m?i h?c sinh THPT
A5: ANH | B5: Ngo?i ng? 1 | C5: B?t bu?c | D5: M?n h?c | E5: 105 | F5: Kh?ng | G5: D?ng Ti?ng Anh l?m v? d?
A6: LS | B6: L?ch s? | C6: B?t bu?c | D6: M?n h?c | E6: 52 | F6: Kh?ng | G6: B?t bu?c theo ?i?u ch?nh n?m 2022
A7: GDTC | B7: Gi?o d?c th? ch?t | C7: B?t bu?c | D7: Ho?t ??ng gi?o d?c | E7: 70 | F7: Kh?ng | G7: B?t bu?c
A8: GDQPAN | B8: Gi?o d?c qu?c ph?ng v? an ninh | C8: B?t bu?c | D8: M?n h?c | E8: 35 | F8: Kh?ng | G8: B?t bu?c
A9: HDTNHN | B9: Ho?t ??ng tr?i nghi?m, h??ng nghi?p | C9: B?t bu?c | D9: Ho?t ??ng gi?o d?c | E9: 105 | F9: Kh?ng | G9: B?t bu?c
A10: GDDP | B10: N?i dung gi?o d?c c?a ??a ph??ng | C10: B?t bu?c | D10: N?i dung gi?o d?c | E10: 35 | F10: Kh?ng | G10: B?t bu?c
A11: DL | B11: ??a l? | C11: L?a ch?n | D11: M?n h?c | E11: 70 | F11: C? | G11: M?n l?a ch?n
A12: GDKTPL | B12: Gi?o d?c kinh t? v? ph?p lu?t | C12: L?a ch?n | D12: M?n h?c | E12: 70 | F12: C? | G12: M?n l?a ch?n
A13: VL | B13: V?t l? | C13: L?a ch?n | D13: M?n h?c | E13: 70 | F13: C? | G13: M?n l?a ch?n
A14: HH | B14: H?a h?c | C14: L?a ch?n | D14: M?n h?c | E14: 70 | F14: C? | G14: M?n l?a ch?n
... A27: CD_CN | B27: Chuy?n ?? h?c t?p C?ng ngh? | C27: Chuy?n ?? | D27: C?m chuy?n ?? | E27: 35 | F27: Theo t? h?p | G27: M? qu?n tr? n?i b? ?? ph?n c?ng GV

Sheet DM_Giao_vien
A1: Danh m?c gi?o vi?n
A2: M?_GV | B2: H?_t?n | C2: T?_CM | D2: M?n_chuy?n_m?n_ch?nh | E2: Tr?ng_th?i | F2: ??nh_m?c_tu?n | G2: Gi?m_tr?_tu?n | H2: ??nh_m?c_hi?u_l?c | I2: Ghi_ch?
A3: GV_NV_01 | B3: Nguy?n Th? Lan | C3: T? Ng? v?n | D3: NV | E3: ?ang d?y | F3: 17 | G3: 0 | H3: 17 | I3: T? tr??ng chuy?n m?n
A4: GV_NV_02 | B4: Ph?m Thu H? | C4: T? Ng? v?n | D4: NV | E4: ?ang d?y | F4: 17 | G4: 0 | H4: 17
A5: GV_TOAN_01 | B5: L? Quang Minh | C5: T? To?n - Tin | D5: TOAN | E5: ?ang d?y | F5: 17 | G5: 0 | H5: 17 | I5: Ph? tr?ch l?p 10A1
A6: GV_TOAN_02 | B6: V? Th? H??ng | C6: T? To?n - Tin | D6: TOAN | E6: ?ang d?y | F6: 17 | G6: 1 | H6: 16 | I6: Gi?m 1 ti?t do ki?m nhi?m
A7: GV_ANH_01 | B7: Tr?n Ho?i An | C7: T? Ngo?i ng? | D7: ANH | E7: ?ang d?y | F7: 17 | G7: 0 | H7: 17
A8: GV_ANH_02 | B8: ??o Kh?nh Linh | C8: T? Ngo?i ng? | D8: ANH | E8: ?ang d?y | F8: 17 | G8: 0 | H8: 17
A9: GV_LS_01 | B9: ??ng Th? H?a | C9: T? S? - ??a - KTPL | D9: LS | E9: ?ang d?y | F9: 17 | G9: 0 | H9: 17 | I9: GVCN 12D1
A10: GV_DL_01 | B10: Ho?ng Ng?c S?n | C10: T? S? - ??a - KTPL | D10: DL | E10: ?ang d?y | F10: 17 | G10: 0 | H10: 17
A11: GV_GDKTPL_01 | B11: L? Thu Ph??ng | C11: T? S? - ??a - KTPL | D11: GDKTPL | E11: ?ang d?y | F11: 17 | G11: 0 | H11: 17 | I11: Ph? b? th? ?o?n tr??ng
A12: GV_VL_01 | B12: Phan Qu?c B?o | C12: T? KHTN | D12: VL | E12: ?ang d?y | F12: 17 | G12: 0 | H12: 17 | I12: GVCN 11A1
A13: GV_VL_02 | B13: Ng? Minh ??c | C13: T? KHTN | D13: VL | E13: ?ang d?y | F13: 17 | G13: 0 | H13: 17
A14: GV_HH_01 | B14: Tr?nh Thu Trang | C14: T? KHTN | D14: HH | E14: ?ang d?y | F14: 17 | G14: 0 | H14: 17
A15: GV_HH_02 | B15: Nguy?n Th?o Vy | C15: T? KHTN | D15: HH | E15: ?ang d?y | F15: 17 | G15: 0 | H15: 17
A16: GV_SH_01 | B16: B?i Th? Mai | C16: T? KHTN | D16: SH | E16: ?ang d?y | F16: 17 | G16: 0 | H16: 17
A17: GV_CN_01 | B17: Nguy?n H?u Ph?c | C17: T? C?ng ngh? | D17: CN | E17: ?ang d?y | F17: 17 | G17: 0 | H17: 17
A18: GV_TH_01 | B18: Ph?m ??c Anh | C18: T? To?n - Tin | D18: TH | E18: ?ang d?y | F18: 17 | G18: 0 | H18: 17
A19: GV_TH_02 | B19: L? Minh T?m | C19: T? To?n - Tin | D19: TH | E19: ?ang d?y | F19: 17 | G19: 0 | H19: 17
A20: GV_GDTC_01 | B20: Ph?m V?n D?ng | C20: T? Th? ch?t - QPAN | D20: GDTC | E20: ?ang d?y | F20: 17 | G20: 0 | H20: 17
A21: GV_QPAN_01 | B21: Nguy?n Qu?c Vi?t | C21: T? Th? ch?t - QPAN | D21: GDQPAN | E21: ?ang d?y | F21: 17 | G21: 0 | H21: 17
A22: GV_AN_01 | B22: D??ng Thu Th?o | C22: T? Ngh? thu?t | D22: AN | E22: ?ang d?y | F22: 17 | G22: 0 | H22: 17
A23: GV_MT_01 | B23: L? Minh Ch?u | C23: T? Ngh? thu?t | D23: MT | E23: ?ang d?y | F23: 17 | G23: 0 | H23: 17

Sheet DM_Lop
A1: Danh m?c l?p
A2: L?p | B2: Kh?i | C2: S?_s? | D2: Bu?i_h?c | E2: M?_t?_h?p | F2: GVCN_M? | G2: GVCN_H?_t?n | H2: Ghi_ch?
A3: 10A1 | B3: 10 | C3: 45 | D3: S?ng | E3: TH1 | F3: GV_TOAN_01 | G3: L? Quang Minh
A4: 10A2 | B4: 10 | C4: 44 | D4: S?ng | E4: TH1 | F4: GV_NV_01 | G4: Nguy?n Th? Lan
A5: 10D1 | B5: 10 | C5: 42 | D5: Chi?u | E5: TH3 | F5: GV_GDKTPL_01 | G5: L? Thu Ph??ng
A6: 11A1 | B6: 11 | C6: 43 | D6: S?ng | E6: TH5 | F6: GV_VL_01 | G6: Phan Qu?c B?o
A7: 11D1 | B7: 11 | C7: 41 | D7: Chi?u | E7: TH3 | F7: GV_NV_02 | G7: Ph?m Thu H?
A8: 12A1 | B8: 12 | C8: 40 | D8: S?ng | E8: TH5 | F8: GV_TOAN_02 | G8: V? Th? H??ng
A9: 12D1 | B9: 12 | C9: 39 | D9: Chi?u | E9: TH6 | F9: GV_LS_01 | G9: ??ng Th? H?a

Sheet DM_To_hop
A1: Danh m?c t? h?p m?n l?a ch?n v? c?m chuy?n ??
A2: M?_t?_h?p | B2: Kh?i | C2: M?n_1 | D2: M?n_2 | E2: M?n_3 | F2: M?n_4 | G2: Chuy?n_??_1 | H2: Chuy?n_??_2 | I2: Chuy?n_??_3 | J2: Ghi_ch?
A3: TH1 | B3: 10 | C3: VL | D3: HH | E3: SH | F3: TH | G3: CD_TOAN | H3: CD_VL | I3: CD_HH | J3: T? h?p thi?n KHTN
A4: TH3 | B4: 10 | C4: DL | D4: GDKTPL | E4: TH | F4: CN | G4: CD_NV | H4: CD_DL | I4: CD_GDKTPL | J4: T? h?p KHXH - c?ng ngh?
A5: TH5 | B5: 11 | C5: VL | D5: HH | E5: TH | F5: CN | G5: CD_TOAN | H5: CD_VL | I5: CD_CN | J5: T? h?p l?p 11 thi?n STEM
A6: TH6 | B6: 12 | C6: DL | D6: GDKTPL | E6: TH | F6: CN | G6: CD_NV | H6: CD_DL | I6: CD_GDKTPL | J6: T? h?p l?p 12 ??nh h??ng x? h?i

Sheet Phan_cong
A1: B?ng ph?n c?ng gi?ng d?y m?n h?c - gi?o vi?n THPT (d? li?u m?u)
A2: STT | B2: N?m_h?c | C2: Kh?i | D2: L?p | E2: M?_t?_h?p | F2: M?_m?n | G2: T?n_m?n | H2: Nh?m_CT | I2: Ti?t_n?m_CT | J2: Ti?t_HK1 | K2: Ti?t_HK2 | L2: GV_HK1_M? | M2: GV_HK1_H?_t?n | N2: GV_HK1_??nh_m?c | O2: GV_HK2_M? | P2: GV_HK2_H?_t?n | Q2: GV_HK2_??nh_m?c | R2: Ghi_ch?
A3: 1 | B3: 2026-2027 | C3: 10 | D3: 10A1 | E3: TH1 | F3: NV | G3: Ng? v?n | H3: B?t bu?c | I3: 105 | J3: 54 | K3: 51 | L3: GV_NV_01 | M3: Nguy?n Th? Lan | N3: 17 | O3: GV_NV_01 | P3: Nguy?n Th? Lan | Q3: 17
A4: 2 | B4: 2026-2027 | C4: 10 | D4: 10A1 | E4: TH1 | F4: TOAN | G4: To?n | H4: B?t bu?c | I4: 105 | J4: 54 | K4: 51 | L4: GV_TOAN_01 | M4: L? Quang Minh | N4: 17 | O4: GV_TOAN_01 | P4: L? Quang Minh | Q4: 17
A5: 3 | B5: 2026-2027 | C5: 10 | D5: 10A1 | E5: TH1 | F5: ANH | G5: Ngo?i ng? 1 | H5: B?t bu?c | I5: 105 | J5: 54 | K5: 51 | L5: GV_ANH_01 | M5: Tr?n Ho?i An | N5: 17 | O5: GV_ANH_01 | P5: Tr?n Ho?i An | Q5: 17
A6: 4 | B6: 2026-2027 | C6: 10 | D6: 10A1 | E6: TH1 | F6: LS | G6: L?ch s? | H6: B?t bu?c | I6: 52 | J6: 27 | K6: 25 | L6: GV_LS_01 | M6: ??ng Th? H?a | N6: 17 | O6: GV_LS_01 | P6: ??ng Th? H?a | Q6: 17
A7: 5 | B7: 2026-2027 | C7: 10 | D7: 10A1 | E7: TH1 | F7: GDTC | G7: Gi?o d?c th? ch?t | H7: B?t bu?c | I7: 70 | J7: 36 | K7: 34 | L7: GV_GDTC_01 | M7: Ph?m V?n D?ng | N7: 17 | O7: GV_GDTC_01 | P7: Ph?m V?n D?ng | Q7: 17
A8: 6 | B8: 2026-2027 | C8: 10 | D8: 10A1 | E8: TH1 | F8: GDQPAN | G8: Gi?o d?c qu?c ph?ng v? an ninh | H8: B?t bu?c | I8: 35 | J8: 18 | K8: 17 | L8: GV_QPAN_01 | M8: Nguy?n Qu?c Vi?t | N8: 17 | O8: GV_QPAN_01 | P8: Nguy?n Qu?c Vi?t | Q8: 17
A9: 7 | B9: 2026-2027 | C9: 10 | D9: 10A1 | E9: TH1 | F9: HDTNHN | G9: Ho?t ??ng tr?i nghi?m, h??ng nghi?p | H9: B?t bu?c | I9: 105 | J9: 54 | K9: 51 | L9: GV_TOAN_01 | M9: L? Quang Minh | N9: 17 | O9: GV_TOAN_01 | P9: L? Quang Minh | Q9: 17
A10: 8 | B10: 2026-2027 | C10: 10 | D10: 10A1 | E10: TH1 | F10: GDDP | G10: N?i dung gi?o d?c c?a ??a ph??ng | H10: B?t bu?c | I10: 35 | J10: 18 | K10: 17 | L10: GV_DL_01 | M10: Ho?ng Ng?c S?n | N10: 17 | O10: GV_DL_01 | P10: Ho?ng Ng?c S?n | Q10: 17
A11: 9 | B11: 2026-2027 | C11: 10 | D11: 10A1 | E11: TH1 | F11: VL | G11: V?t l? | H11: L?a ch?n | I11: 70 | J11: 36 | K11: 34 | L11: GV_VL_01 | M11: Phan Qu?c B?o | N11: 17 | O11: GV_VL_01 | P11: Phan Qu?c B?o | Q11: 17
A12: 10 | B12: 2026-2027 | C12: 10 | D12: 10A1 | E12: TH1 | F12: HH | G12: H?a h?c | H12: L?a ch?n | I12: 70 | J12: 36 | K12: 34 | L12: GV_HH_01 | M12: Tr?nh Thu Trang | N12: 17 | O12: GV_HH_01 | P12: Tr?nh Thu Trang | Q12: 17
A13: 11 | B13: 2026-2027 | C13: 10 | D13: 10A1 | E13: TH1 | F13: SH | G13: Sinh h?c | H13: L?a ch?n | I13: 70 | J13: 36 | K13: 34 | L13: GV_SH_01 | M13: B?i Th? Mai | N13: 17 | O13: GV_SH_01 | P13: B?i Th? Mai | Q13: 17
A14: 12 | B14: 2026-2027 | C14: 10 | D14: 10A1 | E14: TH1 | F14: TH | G14: Tin h?c | H14: L?a ch?n | I14: 70 | J14: 36 | K14: 34 | L14: GV_TH_01 | M14: Ph?m ??c Anh | N14: 17 | O14: GV_TH_01 | P14: Ph?m ??c Anh | Q14: 17
... A107: 105 | B107: 2026-2027 | C107: 12 | D107: 12D1 | E107: TH6 | F107: CD_GDKTPL | G107: Chuy?n ?? h?c t?p GDKTPL | H107: Chuy?n ?? | I107: 35 | J107: 18 | K107: 17 | L107: GV_GDKTPL_01 | M107: L? Thu Ph??ng | N107: 17 | O107: GV_GDKTPL_01 | P107: L? Thu Ph??ng | Q107: 17

Sheet Tong_hop_GV
A1: T?ng h?p t?i gi?ng d?y theo gi?o vi?n
A2: M?_GV | B2: H?_t?n | C2: T?_CM | D2: ??nh_m?c_tu?n | E2: T?ng_ti?t_HK1 | F2: T?ng_ti?t_HK2 | G2: BQ_tu?n_HK1 | H2: BQ_tu?n_HK2 | I2: Ch?nh_HK1 | J2: Ch?nh_HK2 | K2: T?ng_ti?t_n?m | L2: S?_d?ng_PC_HK1 | M2: S?_d?ng_PC_HK2 | N2: Ghi_ch?
A3: GV_NV_01 | B3: Nguy?n Th? Lan | C3: T? Ng? v?n | D3: 17 | E3: =SUMIF(Phan_cong!$L$3:$L$107,A3,Phan_cong!$J$3:$J$107) | F3: =SUMIF(Phan_cong!$O$3:$O$107,A3,Phan_cong!$K$3:$K$107) | G3: =IF(E3="","",ROUND(E3/Huong_dan!$B$5,2)) | H3: =IF(F3="","",ROUND(F3/Huong_dan!$B$6,2)) | I3: =IF(D3="","",ROUND(G3-D3,2)) | J3: =IF(D3="","",ROUND(H3-D3,2)) | K3: =E3+F3 | L3: =COUNTIF(Phan_cong!$L$3:$L$107,A3) | M3: =COUNTIF(Phan_cong!$O$3:$O$107,A3)
A4: GV_NV_02 | B4: Ph?m Thu H? | C4: T? Ng? v?n | D4: 17 | E4: =SUMIF(Phan_cong!$L$3:$L$107,A4,Phan_cong!$J$3:$J$107) | F4: =SUMIF(Phan_cong!$O$3:$O$107,A4,Phan_cong!$K$3:$K$107) | G4: =IF(E4="","",ROUND(E4/Huong_dan!$B$5,2)) | H4: =IF(F4="","",ROUND(F4/Huong_dan!$B$6,2)) | I4: =IF(D4="","",ROUND(G4-D4,2)) | J4: =IF(D4="","",ROUND(H4-D4,2)) | K4: =E4+F4 | L4: =COUNTIF(Phan_cong!$L$3:$L$107,A4) | M4: =COUNTIF(Phan_cong!$O$3:$O$107,A4)
A5: GV_TOAN_01 | B5: L? Quang Minh | C5: T? To?n - Tin | D5: 17 | E5: =SUMIF(Phan_cong!$L$3:$L$107,A5,Phan_cong!$J$3:$J$107) | F5: =SUMIF(Phan_cong!$O$3:$O$107,A5,Phan_cong!$K$3:$K$107) | G5: =IF(E5="","",ROUND(E5/Huong_dan!$B$5,2)) | H5: =IF(F5="","",ROUND(F5/Huong_dan!$B$6,2)) | I5: =IF(D5="","",ROUND(G5-D5,2)) | J5: =IF(D5="","",ROUND(H5-D5,2)) | K5: =E5+F5 | L5: =COUNTIF(Phan_cong!$L$3:$L$107,A5) | M5: =COUNTIF(Phan_cong!$O$3:$O$107,A5)
A6: GV_TOAN_02 | B6: V? Th? H??ng | C6: T? To?n - Tin | D6: 16 | E6: =SUMIF(Phan_cong!$L$3:$L$107,A6,Phan_cong!$J$3:$J$107) | F6: =SUMIF(Phan_cong!$O$3:$O$107,A6,Phan_cong!$K$3:$K$107) | G6: =IF(E6="","",ROUND(E6/Huong_dan!$B$5,2)) | H6: =IF(F6="","",ROUND(F6/Huong_dan!$B$6,2)) | I6: =IF(D6="","",ROUND(G6-D6,2)) | J6: =IF(D6="","",ROUND(H6-D6,2)) | K6: =E6+F6 | L6: =COUNTIF(Phan_cong!$L$3:$L$107,A6) | M6: =COUNTIF(Phan_cong!$O$3:$O$107,A6)
A7: GV_ANH_01 | B7: Tr?n Ho?i An | C7: T? Ngo?i ng? | D7: 17 | E7: =SUMIF(Phan_cong!$L$3:$L$107,A7,Phan_cong!$J$3:$J$107) | F7: =SUMIF(Phan_cong!$O$3:$O$107,A7,Phan_cong!$K$3:$K$107) | G7: =IF(E7="","",ROUND(E7/Huong_dan!$B$5,2)) | H7: =IF(F7="","",ROUND(F7/Huong_dan!$B$6,2)) | I7: =IF(D7="","",ROUND(G7-D7,2)) | J7: =IF(D7="","",ROUND(H7-D7,2)) | K7: =E7+F7 | L7: =COUNTIF(Phan_cong!$L$3:$L$107,A7) | M7: =COUNTIF(Phan_cong!$O$3:$O$107,A7)
A8: GV_ANH_02 | B8: ??o Kh?nh Linh | C8: T? Ngo?i ng? | D8: 17 | E8: =SUMIF(Phan_cong!$L$3:$L$107,A8,Phan_cong!$J$3:$J$107) | F8: =SUMIF(Phan_cong!$O$3:$O$107,A8,Phan_cong!$K$3:$K$107) | G8: =IF(E8="","",ROUND(E8/Huong_dan!$B$5,2)) | H8: =IF(F8="","",ROUND(F8/Huong_dan!$B$6,2)) | I8: =IF(D8="","",ROUND(G8-D8,2)) | J8: =IF(D8="","",ROUND(H8-D8,2)) | K8: =E8+F8 | L8: =COUNTIF(Phan_cong!$L$3:$L$107,A8) | M8: =COUNTIF(Phan_cong!$O$3:$O$107,A8)
A9: GV_LS_01 | B9: ??ng Th? H?a | C9: T? S? - ??a - KTPL | D9: 17 | E9: =SUMIF(Phan_cong!$L$3:$L$107,A9,Phan_cong!$J$3:$J$107) | F9: =SUMIF(Phan_cong!$O$3:$O$107,A9,Phan_cong!$K$3:$K$107) | G9: =IF(E9="","",ROUND(E9/Huong_dan!$B$5,2)) | H9: =IF(F9="","",ROUND(F9/Huong_dan!$B$6,2)) | I9: =IF(D9="","",ROUND(G9-D9,2)) | J9: =IF(D9="","",ROUND(H9-D9,2)) | K9: =E9+F9 | L9: =COUNTIF(Phan_cong!$L$3:$L$107,A9) | M9: =COUNTIF(Phan_cong!$O$3:$O$107,A9)
A10: GV_DL_01 | B10: Ho?ng Ng?c S?n | C10: T? S? - ??a - KTPL | D10: 17 | E10: =SUMIF(Phan_cong!$L$3:$L$107,A10,Phan_cong!$J$3:$J$107) | F10: =SUMIF(Phan_cong!$O$3:$O$107,A10,Phan_cong!$K$3:$K$107) | G10: =IF(E10="","",ROUND(E10/Huong_dan!$B$5,2)) | H10: =IF(F10="","",ROUND(F10/Huong_dan!$B$6,2)) | I10: =IF(D10="","",ROUND(G10-D10,2)) | J10: =IF(D10="","",ROUND(H10-D10,2)) | K10: =E10+F10 | L10: =COUNTIF(Phan_cong!$L$3:$L$107,A10) | M10: =COUNTIF(Phan_cong!$O$3:$O$107,A10)
A11: GV_GDKTPL_01 | B11: L? Thu Ph??ng | C11: T? S? - ??a - KTPL | D11: 17 | E11: =SUMIF(Phan_cong!$L$3:$L$107,A11,Phan_cong!$J$3:$J$107) | F11: =SUMIF(Phan_cong!$O$3:$O$107,A11,Phan_cong!$K$3:$K$107) | G11: =IF(E11="","",ROUND(E11/Huong_dan!$B$5,2)) | H11: =IF(F11="","",ROUND(F11/Huong_dan!$B$6,2)) | I11: =IF(D11="","",ROUND(G11-D11,2)) | J11: =IF(D11="","",ROUND(H11-D11,2)) | K11: =E11+F11 | L11: =COUNTIF(Phan_cong!$L$3:$L$107,A11) | M11: =COUNTIF(Phan_cong!$O$3:$O$107,A11)
A12: GV_VL_01 | B12: Phan Qu?c B?o | C12: T? KHTN | D12: 17 | E12: =SUMIF(Phan_cong!$L$3:$L$107,A12,Phan_cong!$J$3:$J$107) | F12: =SUMIF(Phan_cong!$O$3:$O$107,A12,Phan_cong!$K$3:$K$107) | G12: =IF(E12="","",ROUND(E12/Huong_dan!$B$5,2)) | H12: =IF(F12="","",ROUND(F12/Huong_dan!$B$6,2)) | I12: =IF(D12="","",ROUND(G12-D12,2)) | J12: =IF(D12="","",ROUND(H12-D12,2)) | K12: =E12+F12 | L12: =COUNTIF(Phan_cong!$L$3:$L$107,A12) | M12: =COUNTIF(Phan_cong!$O$3:$O$107,A12)
A13: GV_VL_02 | B13: Ng? Minh ??c | C13: T? KHTN | D13: 17 | E13: =SUMIF(Phan_cong!$L$3:$L$107,A13,Phan_cong!$J$3:$J$107) | F13: =SUMIF(Phan_cong!$O$3:$O$107,A13,Phan_cong!$K$3:$K$107) | G13: =IF(E13="","",ROUND(E13/Huong_dan!$B$5,2)) | H13: =IF(F13="","",ROUND(F13/Huong_dan!$B$6,2)) | I13: =IF(D13="","",ROUND(G13-D13,2)) | J13: =IF(D13="","",ROUND(H13-D13,2)) | K13: =E13+F13 | L13: =COUNTIF(Phan_cong!$L$3:$L$107,A13) | M13: =COUNTIF(Phan_cong!$O$3:$O$107,A13)
A14: GV_HH_01 | B14: Tr?nh Thu Trang | C14: T? KHTN | D14: 17 | E14: =SUMIF(Phan_cong!$L$3:$L$107,A14,Phan_cong!$J$3:$J$107) | F14: =SUMIF(Phan_cong!$O$3:$O$107,A14,Phan_cong!$K$3:$K$107) | G14: =IF(E14="","",ROUND(E14/Huong_dan!$B$5,2)) | H14: =IF(F14="","",ROUND(F14/Huong_dan!$B$6,2)) | I14: =IF(D14="","",ROUND(G14-D14,2)) | J14: =IF(D14="","",ROUND(H14-D14,2)) | K14: =E14+F14 | L14: =COUNTIF(Phan_cong!$L$3:$L$107,A14) | M14: =COUNTIF(Phan_cong!$O$3:$O$107,A14)
... A23: GV_MT_01 | B23: L? Minh Ch?u | C23: T? Ngh? thu?t | D23: 17 | E23: =SUMIF(Phan_cong!$L$3:$L$107,A23,Phan_cong!$J$3:$J$107) | F23: =SUMIF(Phan_cong!$O$3:$O$107,A23,Phan_cong!$K$3:$K$107) | G23: =IF(E23="","",ROUND(E23/Huong_dan!$B$5,2)) | H23: =IF(F23="","",ROUND(F23/Huong_dan!$B$6,2)) | I23: =IF(D23="","",ROUND(G23-D23,2)) | J23: =IF(D23="","",ROUND(H23-D23,2)) | K23: =E23+F23 | L23: =COUNTIF(Phan_cong!$L$3:$L$107,A23) | M23: =COUNTIF(Phan_cong!$O$3:$O$107,A23)
